module,loc,screens,risk,score
legacy-source/petstore1.3.2/src/apps/opc,5830,0,high,10
legacy-source/petstore1.3.2/src/apps/petstore,19273,19,high,9
legacy-source/petstore1.3.2/src/components/purchaseorder,2437,0,high,8
legacy-source/petstore1.3.2/src/apps/supplier,4299,4,high,8
legacy-source/petstore1.3.2/src/components/processmanager,1322,0,high,7
legacy-source/petstore1.3.2/src/components/signon,1559,0,high,7
legacy-source/petstore1.3.2/src/apps/admin,5800,5,medium,7
legacy-source/petstore1.3.2/src/components/cart,832,0,medium,7
legacy-source/petstore1.3.2/src/components/catalog,2868,0,medium,7
legacy-source/petstore1.3.2/src/components/customer,2387,0,medium,6
legacy-source/petstore1.3.2/src/components/supplierpo,1977,0,medium,6
legacy-source/petstore1.3.2/src/components/creditcard,810,0,medium,5
legacy-source/petstore1.3.2/src/components/lineitem,871,0,medium,5
legacy-source/petstore1.3.2/src/components/contactinfo,1314,0,medium,5
legacy-source/petstore1.3.2/src/components/mailer,883,0,medium,5
legacy-source/petstore1.3.2/src/components/xmldocuments,2768,0,medium,5
legacy-source/petstore1.3.2/src/waf,8825,0,medium,5
legacy-source/petstore1.3.2/src/components/address,1035,0,low,4
legacy-source/petstore1.3.2/src/components/uidgen,756,0,low,4
legacy-source/petstore1.3.2/src/components/asyncsender,551,0,low,3
legacy-source/petstore1.3.2/docs,3163,0,low,3
legacy-source/petstore1.3.2/src/components/servicelocator,758,0,low,2
legacy-source/petstore1.3.2/src/components/encodingfilter,180,0,low,2
legacy-source/petstore1.3.2/src/components/util/tracer,181,0,low,1
